"シナリオID","ステップ","話者名","イラストID","立ち位置","テキスト","演出"
"prologue_narration","1","ナレーション","","","暗転した空間を切り裂く、火花と轟音――。\nスタジアムを埋め尽くす観衆の咆哮が、\n少年の鼓膜を強く震わせる。",""
"prologue_narration","2","ナレーション","","","手のひらサイズの円盤に、知略と魂を注ぎ激突させる超\n高速コンバットスポーツ――『ドライブギア』。",""
"prologue_narration","3","ナレーション","","","今この瞬間も、\n世界中のブレーダーたちが熱狂の渦の中で技を研ぎ澄まし、\n限界を超えたアセンブルで鎬を削り合っていた。",""
"prologue_narration","4","ナレーション","","","そして……その頂点。幾千の挑戦者を寄せ付けず、\nバトルフィールドに君臨し続ける孤高の絶対王者。",""
"prologue_narration","5","ナレーション","","","無数のフラッシュライトを浴び、\n黄金のトロフィーを掲げるその王者の姿に、\n少年の瞳は釘付けになっていた。",""
"prologue_narration","6","ナレーション","","","「――いつか絶対に、オレもあの世界の頂点へ立つ。\n相棒と一緒に、最高の景色を掴み取るんだ。」",""
"prologue_narration","7","ナレーション","","","胸の奥に灯った青き誓いの炎。\n世界最強の伝説を目指す少年の冒険が、\nいま静かに幕を開ける――。",""
"prologue_intro","1","主人公","","left","……ふぅ。何度あの世界大会の録画を見返しても、\n全身の鳥肌が止まらねえや。あの研ぎ澄まされた一撃、\nスタジアムを揺るがす咆哮……！",""
"prologue_intro","2","主人公","","left","なあ、相棒。オレ、お前となら絶対にあの世界の頂点まで\n駆け上がれるって信じてるんだ。",""
"prologue_intro","3","ナビィ","ナビィ","right","――メインシステム再起動、完了！\n各種センサー正常稼働！マスター、おはようございます！\n専属サポートナビの「ナビィ」、\n元気いっぱいに起動しました！","flash"
"prologue_intro","4","ナビィ","ナビィ","right","あっ、マスター！\n相棒のコアチップ『コズミック・ドラゴン』が、\nマスターの決意に応えるよ\nうに蒼く熱く共鳴していますよ！",""
"prologue_intro","5","主人公","","left","へへっ、わかるかナビィ！オレとコズミック・ドラゴンは\nずっとこの日を待ってたんだ。\n今日から公式の頂を目指して駆け上がっていくぞ！",""
"prologue_intro","6","ナビィ","ナビィ","right","了解いたしましたマスター！\nナビィも全力でサポートします！\nまずは地元の腕利きブレーダーたちが\n集う『アオバ・ストリートパーク』へ向かいましょう！",""
"prologue_intro","7","主人公","","left","よし……いくぞ相棒！\nオレたちの伝説の第一歩、ここからスタートだ！",""
"prologue_naby_talk","1","ナビィ","ナビィ","right","……あ、あれれっ！？大変ですマスター！\nコズミック・ドラゴンのデータをスキャンしたのですが、\nベースフレームだけでパーツが未装着です！","shake"
"prologue_naby_talk","2","ナビィ","ナビィ","right","ドライブギアは、パーツが組み合わさることで\n初めて真の力を発揮します。\nこのままではストリートのバトルでも\n太刀打ちできません！",""
"prologue_naby_talk","3","ナビィ","ナビィ","right","まずはカスタマイズ画面を開いて、\n基本となる「ブレード」「ウェイト」「ソール」を\n装着し、ギアを完成させましょう！",""
"tutorial_success","1","ナビィ","ナビィ","right","パーツの装着、すべて完了しました！魂を宿す『チップ』、\n攻撃刃の『ブレード』、重心を支える『ウェイト』、\nそして高速回転を生む『ソール』……\n完璧なセッティングです！",""
"tutorial_success","2","ナビィ","ナビィ","right","マスター専用のドライブギア『コズミック・ドラゴン』、\n堂々の完成です！フレーム全体から\n猛々しい蒼きエネルギーが脈打っていますよ！","flash"
"tutorial_success","3","ナビィ","ナビィ","right","さあ、準備は整いました！\nまずはストリートパークでライバルたちと実戦を重ね、\nギアの挙動とアセンブルの手応えを確かめましょう！",""
"tutorial_success","4","主人公","","left","おう！この手の中に伝わる重みと振動……\nコズミック・ドラゴンの本当の力、見せてやるぜ。\n行くぞ、ナビィ！",""
"interlude_01","1","ナビィ","ナビィ","right","やりましたマスター！ストリートパークの猛者たちを\n見事に全員撃破しましたね！公園中のブレーダーたちが、\nマスターの鮮烈な激突に息を呑んでいました！",""
"interlude_01","2","主人公","","left","へへっ、カイトの猛攻も手強かったが、\nコズミック・ドラゴンとの息もバッチリ合ってきたぜ！\nこれで公式大会への推薦枠が手に入ったんだな！",""
"interlude_01","3","ナビィ","ナビィ","right","はい！公式連盟が主催するプロへの登竜門、\n『地区予選・シティアリーナ』への\n出場権が正式に承認されました！",""
"interlude_01","4","ナビィ","ナビィ","right","次の舞台は、最新鋭のデータケージが\n立ち並ぶ本格的な公式アリーナです。\n予選参加者たちのギアも一気に洗練されてきますよ！",""
"interlude_01","5","主人公","","left","シティアリーナ……！\nいよいよ公式戦の土俵に立てるんだな。\n血が滾ってきたぜ！",""
"interlude_01","6","ナビィ","ナビィ","right","トップシードには、\n流麗な立ち回りと圧倒的な回避力を誇る『レイナ』\nさんが待ち構えています。油断は禁物です！",""
"interlude_01","7","主人公","","left","公式のトップシードか……望むところだ！\nどんな相手だろうと、\nオレたちの魂の回転を全力でぶつけてやるぜ！",""
"interlude_01","8","ナビィ","ナビィ","right","ショップにも新たな公式パーツが入荷しているようです。\nアセンブルを整えて、シティアリーナへ挑みましょう！",""
"interlude_02","1","ナビィ","ナビィ","right","シティアリーナ地区予選、\n完全制覇おめでとうございますマスター！\nレイナさんの神速のペガサスを打ち破るなんて、\n会場中が大熱狂でしたよ！",""
"interlude_02","2","主人公","","left","レイナの変幻自在の軌道、\n本当に紙一重の勝負だったぜ……！\nだがオレたちも限界を超えて喰らいついた。\n次はいよいよ大舞台だな！",""
"interlude_02","3","ナビィ","ナビィ","right","はい！次は巨大商業区の中心に位置するメガステージ、\n『エリア選手権・ネオンプラザ』です！",""
"interlude_02","4","ナビィ","ナビィ","right","全方位からTV中継のカメラと大歓声が\n注がれる華やかな決戦場で、\n各地区を勝ち抜いてきた猛者たちだけが集います！",""
"interlude_02","5","主人公","","left","ネオンプラザ……！\nあの煌びやかなスタジアムで戦えるのか！",""
"interlude_02","6","ナビィ","ナビィ","right","そして……エリアの頂点に君臨するのは、\n圧倒的な重圧と冷徹なカウンターで\n恐れられる孤高のカリスマ『レン』さんです！",""
"interlude_02","7","主人公","","left","孤高のカリスマ、レン……！\nどんな強敵が立ちはだかろうと、\nオレたちの炎は消せねえ。\n眩いネオンの真ん中で、最高の激突を見せてやる！",""
"interlude_02","8","ナビィ","ナビィ","right","マスターのスピリット、最高潮ですね！\n更なるハイグレードパーツを揃えて、\nエリア選手権へ乗り込みましょう！",""
"interlude_03","1","ナビィ","ナビィ","right","ネオンプラザを制覇し、\nエリアチャンピオンの栄冠を掴み取りました！\nマスター、本当に……本当に凄いです！",""
"interlude_03","2","主人公","","left","レンのグリフォン、すげえ威圧感だった……！\nあいつの誇り高き一撃を受け止めて打ち破ったことで、\nオレとコズミック・ドラゴンの絆も\nさらに研ぎ澄まされた気がするぜ。",""
"interlude_03","3","ナビィ","ナビィ","right","次はいよいよ国内最高峰の舞台……\n歴代の日本王者がその名を刻んできた格調高き聖地、\n『全日本選手権・ナショナルドーム』です！",""
"interlude_03","4","主人公","","left","ナショナルドーム……！\nテレビの向こう側だったあの聖地に、\nついにオレたちが立つんだな！",""
"interlude_03","5","ナビィ","ナビィ","right","全国の頂点を争うトーナメントにおいて、\n最大の壁として立ちはだかるのは……\nアメリカからの超天才留学生チャンプ、『アーサー』\nさんです！",""
"interlude_03","6","主人公","","left","アーサー……！あいつの放つ絶対王者のオーラは、\n遠くからでもビリビリ伝わってくる。\n日本の頂点を賭けて、真っ向勝負だ！",""
"interlude_03","7","ナビィ","ナビィ","right","はい！全国のブレーダーたちの視線が\nマスターに注がれています。\n最高のコンディションで挑みましょう！",""
"interlude_03","8","主人公","","left","行くぞ相棒！全国のテッペン、掴み取りにいくぜ！！",""
"interlude_04","1","ナビィ","ナビィ","right","マスター……！！ついに、ついにやりました！！\nあのアーサーさんとの死闘を制し、\n私たちが『全日本チャンピオン』に輝きました！！","flash"
"interlude_04","2","主人公","","left","勝った……！勝ったんだ、コズミック・ドラゴン！\nアーサーの猛攻を越えて、日本の頂点に立ったんだ……！",""
"interlude_04","3","店長","店長","right","ハハハ、実に見事な激闘だったよ！\n君たちの魂のこもった一撃は、\nドームを埋め尽くした数万の観客の胸を激しく震わせた。",""
"interlude_04","4","主人公","","left","店長！見に来てくれてたのか！",""
"interlude_04","5","店長","店長","right","もちろんだとも。……\nだが、君たちの冒険はここからが本当の始まりだ。\n全日本王者の君たちへ、\n世界大会の招待状が届いているよ。",""
"interlude_04","6","ナビィ","ナビィ","right","ええっ！？世界大会……『ワールドチャンピオンシップ』で\nすか！？\n各国の最強ブレーダーたちが集う、あの伝説の舞台……！","shake"
"interlude_04","7","店長","店長","right","そうだ。\nドイツ、フランス、ブラジル、中国、エジプト……\n世界中の頂点が君たちを待っている。\n日本の代表として、世界の荒波に挑んでみないかい？",""
"interlude_04","8","主人公","","left","断る理由なんてねえ！\n世界中の猛者たちとバトルできるなんて、最高だ！\n世界一の称号、必ず獲ってくるぜ！！",""
"interlude_05","1","ナビィ","ナビィ","right","世界各国の精鋭たちを撃破し、\nついにワールドトーナメントの予選グループを\n完全突破しました！",""
"interlude_05","2","主人公","","left","ドイツのユリアン、フランスのシャルロット、\nブラジルのカルロス、中国のリー、\nエジプトのラシード……\nみんな本当に強烈なスピンだったぜ！",""
"interlude_05","3","ナビィ","ナビィ","right","世界最高峰の技と誇りがぶつかり合う、\nまさに奇跡のような連戦でしたね！",""
"interlude_05","4","ナビィ","ナビィ","right","そして……いよいよ次が最終決戦です！\n決勝トーナメントを勝ち上がってきたのは、\n世界最強の呼び声高い『チーム・アメリカ』！",""
"interlude_05","5","主人公","","left","チーム・アメリカ……！\nタイラー、ジョナサン、ディラン、クロエ……\nそしてキャプテンのアーサー！",""
"interlude_05","6","ナビィ","ナビィ","right","はい！全日本決勝で相まみえたアーサーさんが、\n更なる進化を遂げて世界王座の座で\nマスターを待っています！",""
"interlude_05","7","主人公","","left","アーサー……\nあいつと世界の頂点を賭けてもう一度戦えるのか。\nこれ以上の舞台はねえ！",""
"interlude_05","8","主人公","","left","コズミック・ドラゴン、\nオレたちの全てをスタジアムに刻み込もうぜ！\n行くぞ、ワールドファイナルへ！！",""
"interlude_06","1","ナビィ","ナビィ","right","マスター……！\n全世界が固唾を呑んで見守った世界決勝戦……\nついに、ついに勝利しました！！","flash"
"interlude_06","2","ナビィ","ナビィ","right","アーサーさん率いるチームUSAを打ち破り、\n私たちが『世界王者（ワールドチャンピオン）』です！！","flash"
"interlude_06","3","主人公","","left","やった……！やったぞコズミック・ドラゴン！\n世界のテッペンを掴んだんだ……！！",""
"interlude_06","4","主人公","","left","アーサー、最高の勝負だった！\nお前がいたから、オレたちはここまで強くなれたんだ！",""
"interlude_06","5","店長","店長","right","……ふふふ。素晴らしいよ、本当に。少年だった君が、\nまさかここまで高みへ登りつめるとはね。",""
"interlude_06","6","主人公","","left","店長！オレ、世界チャンピオンになったよ！",""
"interlude_06","7","店長","店長（ボス）","right","ああ、見届けさせてもらったよ。……\nだがね、君が超えるべき壁は、\nまだもう一つだけ残されている。","shake"
"interlude_06","8","ナビィ","ナビィ","right","えっ……！？店長さんの姿が……！？\nそのオーラはまさか、伝説の……！？","shake"
"interlude_06","9","店長","店長（ボス）","right","かつて世界を制し、『スピンキング』と呼ばれた男……\n神代 創（かみしろ はじめ）。\n新時代の王よ、伝説の頂にて君を待つ！","flash"
"interlude_06","10","主人公","","left","店長が……あの伝説のスピンキング！？……\n面白い、最後の決着、受けて立つぜ！！",""
"e001_before","1","イチカ","イチカ","right","あ、来たね！ギアの調整はバッチリ？\n私のペガサス、風に乗ってすっごく軽快なんだから！\n手加減しないよ！",""
"e001_before","2","主人公","","left","へへっ、望むところだイチカ！\nオレとコズミック・ドラゴンの初陣、\n派手に飾らせてもらうぜ！",""
"e001_before","3","イチカ","イチカ","right","ふふっ、いい気迫！それじゃあ行こう！\nファースト・ドライブ！",""
"e001_before","4","主人公","","left","へへっ、初陣を飾るには最高の相手だ！行くぞ相棒！\n3、2、1……ドライブ、ゴー！",""
"e001_after_win","1","イチカ","イチカ","right","うわぁ〜！綺麗に弾き飛ばされちゃった！\n君のドラゴンの力強い回転、すっごくかっこよかったよ！",""
"e001_after_win","2","主人公","","left","サンキュー、イチカ！\nお前のペガサスのスピードにもヒヤヒヤさせられたぜ。\nいい勝負だった！",""
"e001_after_win","3","イチカ","イチカ","right","えへへ、次は負けないからね！\nストリートパークのみんなにも君の強さ、\n見せつけてきて！",""
"e001_after_lose","1","イチカ","イチカ","right","やったぁ！私のペガサスの勝ち！\n機動力を生かした回避、捉えきれなかったみたいだね！",""
"e001_after_lose","2","主人公","","left","くっ……！すばしっこくて芯を捉えきれなかった……！",""
"e001_after_lose","3","ナビィ","ナビィ","right","マスター！\nイチカさんのペガサスは高機動による回避が特徴です！",""
"e001_after_lose","4","ナビィ","ナビィ","right","重めのウェイトで自機の重心を安定させ、\nスタジアム中央から確実に捉えていきましょう！",""
"e002_before","1","ハルト","ハルト","right","へへっ、噂のルーキーだな！\nオレのブラスト・ワイバーンは\n真っ向勝負の突進が大得意なんだ！受けてみろよ！",""
"e002_before","2","主人公","","left","真っ向勝負ならこっちも大歓迎だ！\nどっちの回転が熱いか、白黒ハッキリつけようぜ！",""
"e002_before","3","ハルト","ハルト","right","いいねぇ、その目付き！\nスタジアムが焦げ付くくらい熱いバトルをやろうぜ！",""
"e002_before","4","主人公","","left","真正面からの突進勝負、受けて立つぜ！行くぞハルト！\n3、2、1……ドライブ、ゴー！",""
"e002_after_win","1","ハルト","ハルト","right","くぅ〜っ、負けたぁ！\nオレのフルパワー突進を正面からねじ伏せるとはな！\nすっげぇ気持ちいいバトルだったぜ！",""
"e002_after_win","2","主人公","","left","ハルトのワイバーンの一撃、\n腕まで痺れるくらい重かったぜ！最高のファイトだった！",""
"e002_after_win","3","ハルト","ハルト","right","へへっ、オレももっとパワー鍛え直してくる！\n次は絶対にオレが勝つからな！",""
"e002_after_lose","1","ハルト","ハルト","right","よしっ！\nオレとワイバーンの突進力に耐え切れるヤツはいねえぜ！",""
"e002_after_lose","2","主人公","","left","くそっ……！あの一撃の破壊力、\n真っ向から受けるには重すぎたか……！",""
"e002_after_lose","3","ナビィ","ナビィ","right","マスター！ハルトさんのワイバーンは突進力が強烈です！",""
"e002_after_lose","4","ナビィ","ナビィ","right","防御重視のソールや、衝撃を受け流すブレードで\nカウンターを狙ってみましょう！",""
"e003_before","1","タイガ","タイガ","right","……来たか。\nオレのグラナイト・ゴーレムはどんな猛攻にも動じない。\n君の覚悟、受け止めてみろ。",""
"e003_before","2","主人公","","left","タイガの鉄壁の守り、公園でも有名だからな。\nだけどオレたちの連撃で必ずこじ開けてみせる！",""
"e003_before","3","タイガ","タイガ","right","……崩せるものなら崩してみろ。全力で来るといい。",""
"e003_before","4","主人公","","left","どんな鉄壁だろうと、\nオレたちの突破力でこじ開けてみせる！3、2、1……\nドライブ、ゴー！",""
"e003_after_win","1","タイガ","タイガ","right","……見事だ。\nオレの鉄壁をここまで真っ直ぐ打ち破ったブレーダーは、\nお前が初めてだ。",""
"e003_after_win","2","主人公","","left","タイガ……！最後の最後までビクともしなくて、\n本当に紙一重の勝負だったぜ！",""
"e003_after_win","3","タイガ","タイガ","right","……いい刺激をもらった。\n守りを極め直して、また相手をしてもらうぞ。",""
"e003_after_lose","1","タイガ","タイガ","right","焦りは隙を生む。……\n相手の力を受け流し、芯を維持する。\nそれがオレの守りだ。",""
"e003_after_lose","2","主人公","","left","くっ……！まるで巨大な岩山にぶつかっているみたいに\nびくともしなかった……！",""
"e003_after_lose","3","ナビィ","ナビィ","right","マスター！タイガさんのゴーレムは超重量の防御型です！",""
"e003_after_lose","4","ナビィ","ナビィ","right","連打攻撃のブレードか、\n持久戦に持ち込めるスタミナソールで\n回転力勝負を挑みましょう！",""
"e004_before","1","ケンジ","ケンジ","right","君が快進撃を続けているブレーダーだね。\n君のギアの回転速度と重量バランス、\nすでに大半はデータ化させてもらったよ。",""
"e004_before","2","主人公","","left","データ通りにいかないのがドライブギアの面白さだろ？\n計算を超える回転、見せてやるよ！",""
"e004_before","3","ケンジ","ケンジ","right","ふふっ、頼もしいね。僕のソニック・イーグルで\n君の限界値を計測させてもらうよ。",""
"e004_before","4","主人公","","left","計算を超えるのが、オレたちの魂の回転だ！行くぞ相棒！\n3、2、1……ドライブ、ゴー！",""
"e004_after_win","1","ケンジ","ケンジ","right","僕の予測を上回るアセンブル……！完敗だよ。\nデータを超えた君の気迫、見事だった。",""
"e004_after_win","2","主人公","","left","ケンジの鋭いコース取り、\n予測されてるのが分かってゾクゾクしたぜ！",""
"e004_after_win","3","ケンジ","ケンジ","right","君の戦い方はとても勉強になったよ。\n次はもっとアップデートした理論で挑ませてもらうよ。",""
"e004_after_lose","1","ケンジ","ケンジ","right","計算通りの勝利さ。君のギアは直進性が高すぎて、\n軌道の予測が容易だったね。",""
"e004_after_lose","2","主人公","","left","くっ……！オレの動きが完全に読まれていたのか……！",""
"e004_after_lose","3","ナビィ","ナビィ","right","マスター！\nケンジさんはこちらの軌道を完璧に計算してきます！",""
"e004_after_lose","4","ナビィ","ナビィ","right","不規則な挙動を生む偏重心パーツや、\n一撃必殺の奥義で計算を狂わせましょう！",""
"e005_before","1","カイト","カイト","right","ハッ、ようやくここまで辿り着いたか！待たせやがって！",""
"e005_before","2","主人公","","left","カイト！お前を倒して、\nこのストリートパークの頂点に立ってみせるぜ！",""
"e005_before","3","カイト","カイト","right","寝言は寝て言えよ！\nオレとチェイン・ケルベロスがこの街最強だってこと、\nその身に刻んでやる！",""
"e005_before","4","ナビィ","ナビィ","right","マスター、カイトくんのケルベロスは\n強烈な三連撃と拘束技を持ちます！油断は禁物です！","shake"
"e005_before","5","カイト","カイト","right","三つ首の牙に噛み砕かれて後悔すんなよ！\nオレたちのコンビネーション、見せてやるぜ！",""
"e005_before","6","主人公","","left","オレとコズミック・ドラゴンだって、\nお前とのバトルをずっと楽しみにしてたんだ！",""
"e005_before","7","カイト","カイト","right","いい度胸じゃねぇか！\n来いよ、全力でブチかましてやる！！","flash"
"e005_before","8","主人公","","left","行くぞ相棒！\nオレたちの全てをぶつけて、この街のテッペンを掴むぞ！\n3、2、1……ドライブ、ゴー！！","flash"
"e005_after_win","1","カイト","カイト","right","チッ……！\n嘘だろ、オレのケルベロスが競り負けるなんて……！","shake"
"e005_after_win","2","主人公","","left","勝った……！\nカイト、お前の猛攻、本当にギリギリだったぜ……！",""
"e005_after_win","3","カイト","カイト","right","……クソッ、完敗だよ完敗！認めざるを得ねぇな、\n今日のところはお前の方が強かった。",""
"e005_after_win","4","主人公","","left","カイト……！",""
"e005_after_win","5","カイト","カイト","right","おい、公式予選に行くんだろ？\nこの街の代表として無様な負け方したら\n承知しねぇからな！",""
"e005_after_win","6","主人公","","left","へへっ、当たり前だ！お前の想いも背負って、\nシティアリーナで大暴れしてくるぜ！",""
"e005_after_lose","1","カイト","カイト","right","ハッ！言っただろ？\nオレとケルベロスがこの街最強だってな！\nまだまだ修行が足りねぇよ！",""
"e005_after_lose","2","主人公","","left","くそっ……！\nカイトの牙、やっぱり高くて分厚い壁だ……！",""
"e005_after_lose","3","ナビィ","ナビィ","right","マスター！カイトくんの猛攻と拘束力は凄まじいです！",""
"e005_after_lose","4","ナビィ","ナビィ","right","守りに回ると削り切られます！\nこちらも攻撃特化のセッティングで\n真っ向から撃ち破りましょう！",""
"e006_before","1","タクマ","タクマ","right","へへっ、アリーナにようこそ！\nオレのスピードについてこれるか？\n置き去りにしても恨むなよ！",""
"e006_before","2","主人公","","left","公式予選の第1戦、初っ端から最高速の相手か！\n望むところだ、ぶっちぎってみせろよ！",""
"e006_before","3","タクマ","タクマ","right","いいノリじゃん！\nコーナーを切り裂くフルスロットルスピン、\n見せてやるぜ！",""
"e006_before","4","主人公","","left","最高速のスピード勝負、どっちが速いか白黒つけようぜ！\n3、2、1……ドライブ、ゴー！",""
"e006_after_win","1","タクマ","タクマ","right","クソッ、コーナーの出口で捉えられたか……！\nだが、追いついてくるとはマジでやるじゃん！",""
"e006_after_win","2","主人公","","left","タクマの加速、\n本当に目が追いつかないくらい速かったぜ！\nいい勝負だった！",""
"e006_after_win","3","タクマ","タクマ","right","へへっ、次はもっと加速チューンして\nぶっちぎってやるからな！予選勝ち上がれよ！",""
"e006_after_lose","1","タクマ","タクマ","right","へへっ、いい加速だったろ！\nこれがオレの最高速（トップスピード）だ！",""
"e006_after_lose","2","主人公","","left","くっ……！\n速すぎてこちらの攻撃が空を切ってしまった……！",""
"e006_after_lose","3","ナビィ","ナビィ","right","マスター！\nタクマさんのトップスピードに翻弄されてしまいました！",""
"e006_after_lose","4","ナビィ","ナビィ","right","外周を回る相手を待ち構える防御・カウン\nター型のアセンブルで迎撃しましょう！",""
"e007_before","1","シュン","シュン","right","データは嘘をつきません。貴方のこれまでの戦績から、\n最適解の迎撃軌道を算出しました。",""
"e007_before","2","主人公","","left","データ通りにいくか、\nオレたちの魂の回転がそれを超えるか、勝負だ！",""
"e007_before","3","シュン","シュン","right","知性と冷徹な計算の前に感情が届くか、\n検証させていただきましょう。",""
"e007_before","4","主人公","","left","シミュレーション通りにはいかないぜ！\nデータを超える回転を見せてやる！3、2、1……\nドライブ、ゴー！",""
"e007_after_win","1","シュン","シュン","right","計算の限界を超えた一撃……！\n私のシミュレーションを覆すとは、\n素晴らしい発想力です。",""
"e007_after_win","2","主人公","","left","シュンの氷結トラップ、\nギリギリのところで抜け出せたぜ。勉強になった！",""
"e007_after_win","3","シュン","シュン","right","この敗北データも新たな知見です。\n貴方の更なる躍進に期待していますよ。",""
"e007_after_lose","1","シュン","シュン","right","想定通りのシミュレーション結果です。\n改善点を見直すべきですね。",""
"e007_after_lose","2","主人公","","left","くっ……！\n相手の計算式に完全にハメられてしまった……！",""
"e007_after_lose","3","ナビィ","ナビィ","right","マスター！\nシュンさんの冷気トラップでスタミナを削られました！",""
"e007_after_lose","4","ナビィ","ナビィ","right","高速回転を長く維持できるスタミナ型ソールで\n長期戦を制しましょう！",""
"e008_before","1","ジュリ","ジュリ","right","アタシの雷撃ビート、ついてこれる？\nチョロいバトルじゃつまんないから、本気で見せてよね！",""
"e008_before","2","主人公","","left","もちろんだ！どんな電撃だろうと、\nコズミック・ドラゴンの力強いスピンで\n突き抜けてやるぜ！",""
"e008_before","3","ジュリ","ジュリ","right","言ったね〜！\nビリビリ痺れて泣きついても知らないかんねっ！",""
"e008_before","4","主人公","","left","電撃ビートなんかに呑まれない！\nオレたちの回転で突き抜けるぜ！3、2、1……\nドライブ、ゴー！",""
"e008_after_win","1","ジュリ","ジュリ","right","えーっ、ウソでしょ！？\nアタシの雷撃が押し切られちゃうなんて……\nキミ、マジですごすぎ！",""
"e008_after_win","2","主人公","","left","ジュリの連続攻撃、\nスタジアムがバチバチ鳴ってすっげぇ迫力だったぜ！",""
"e008_after_win","3","ジュリ","ジュリ","right","悔しいけどナイスファイト！\nキミならトップシードのレイナ先輩にも\nいい勝負できるかもね！",""
"e008_after_lose","1","ジュリ","ジュリ","right","いぇい、アタシの勝ち〜♪ビリビリ痺れちゃった？\n結構いいセンスしてたよ！",""
"e008_after_lose","2","主人公","","left","くっ……！\nあの連続雷撃、耐え切れずにスタミナを削られた……！",""
"e008_after_lose","3","ナビィ","ナビィ","right","マスター！ジュリさんのラッシュは鋭い連続攻撃です！",""
"e008_after_lose","4","ナビィ","ナビィ","right","ガード力の高いウェイトで耐え、相手の息切れした隙に\nカウンターを叩き込みましょう！",""
"e009_before","1","コトネ","コトネ","right","ボクのギア、カチカチで痛いよ？\n怪我しないように気をつけてね！",""
"e009_before","2","主人公","","left","見た目は可愛いけど、相当な重装甲の気配がするな。\n全力でぶつかっていくぜ！",""
"e009_before","3","コトネ","コトネ","right","えへへ、ボクのシールドを突破できるかな？いっくよー！",""
"e009_before","4","主人公","","left","どんな重装甲だろうと、全力の一撃で突破する！\n行くぞ相棒！3、2、1……ドライブ、ゴー！",""
"e009_after_win","1","コトネ","コトネ","right","うわあぁ！ボクのシールドが割れちゃった……！\nキミのパワー、本物だね！",""
"e009_after_win","2","主人公","","left","ふぅ……！コトネのガード、\n本当に硬くて何度も弾かれそうになったぜ！",""
"e009_after_win","3","コトネ","コトネ","right","えへへ、楽しかった！\n次はもっとカチコチにして待ってるからね！",""
"e009_after_lose","1","コトネ","コトネ","right","えへへ、ボクの勝ち！守りは最大の攻撃なんだよ！",""
"e009_after_lose","2","主人公","","left","くっ……！攻撃が全部跳ね返されてしまった……！",""
"e009_after_lose","3","ナビィ","ナビィ","right","マスター！コズミック・ドラゴンの攻撃が\n頑丈なシールドに阻まれました！",""
"e009_after_lose","4","ナビィ","ナビィ","right","重量を乗せた強力なスマッシュブレードで、\n防御壁ごと叩き割りましょう！",""
"e010_before","1","レイナ","レイナ","right","よくここまで勝ち上がってきたわね。\nあなたの戦い、控え室のモニターで見届けていたわ。",""
"e010_before","2","主人公","","left","レイナ！シティアリーナのトップシード……\nあなたを倒して、エリア選手権への切符を掴む！",""
"e010_before","3","レイナ","レイナ","right","いい瞳をしているわ。\n迷いのないその熱気、嫌いじゃないわよ。",""
"e010_before","4","ナビィ","ナビィ","right","マスター、レイナさんのミラージュ・ペガサスは\n神速の回避力と幻惑のカウンターを併せ持つ最強格です！","shake"
"e010_before","5","レイナ","レイナ","right","私のペガサスは光の如くスタジアムを翔ける。\nあなたの一撃、届くかしら？",""
"e010_before","6","主人公","","left","届かせるさ！オレとコズミック・ドラゴンの絆は、\nどんな光よりも速く強く輝くんだ！",""
"e010_before","7","レイナ","レイナ","right","フフ……見せてみなさい。\n地区予選の頂点、全力でお相手するわ！","flash"
"e010_before","8","主人公","","left","行くぞ相棒！地区トップシードの神速を超えてみせろ！\n3、2、1……ドライブ、ゴー！！","flash"
"e010_after_win","1","レイナ","レイナ","right","……見事ね。私の変幻自在な軌道を捉えきるなんて。\n完敗だわ。",""
"e010_after_win","2","主人公","","left","勝った……！レイナ、あなたのペガサスの軌道、\n本当に美しくて鋭かった！",""
"e010_after_win","3","レイナ","レイナ","right","礼を言うわ。あなたの回転には、\n周囲を巻き込んで熱くさせる力がある。",""
"e010_after_win","4","レイナ","レイナ","right","次の『エリア選手権・ネオンプラザ』は、\nこんなものじゃないわよ。あの孤高の王者『レン』に、\nその熱気をぶつけてきなさい。",""
"e010_after_win","5","主人公","","left","レン……！ああ、必ず勝って日本の頂点まで突っ走るぜ！\nありがとう、レイナ！",""
"e010_after_win","6","レイナ","レイナ","right","ふふっ、期待しているわよ、新チャンピオン。",""
"e010_after_lose","1","レイナ","レイナ","right","これがトップシードの意地よ。\nでも、あなたのまっすぐな情熱は届いたわ。",""
"e010_after_lose","2","主人公","","left","くっ……！\nあの流麗なステップ、どうしても捉えきれなかった……！",""
"e010_after_lose","3","ナビィ","ナビィ","right","マスター！\nレイナさんのペガサスは神速の旋回性能を誇ります！",""
"e010_after_lose","4","ナビィ","ナビィ","right","旋回速度を上げた回避重視のアセンブルか、\n広範囲を薙ぎ払う奥義で捉えましょう！",""
"e011_before","1","テッペイ","テッペイ","right","エリア選手権へようこそ！ガタガタ言わずに一発勝負！\nオレのフルパワー、正面から受け止めてみやがれ！",""
"e011_before","2","主人公","","left","ネオンプラザの第1戦、気合入りまくりだな！\nパワー勝負、受けて立つぜ！",""
"e011_before","3","テッペイ","テッペイ","right","おうよ！腕自慢同士、ド派手にスタジアムを揺らそうぜ！",""
"e011_before","4","主人公","","left","豪腕同士の真っ向勝負、スタジアムを揺らしてやるぜ！\n3、2、1……ドライブ、ゴー！",""
"e011_after_win","1","テッペイ","テッペイ","right","ぐわっ、弾かれたか……！\nだがいい一撃だったぜ、最高のファイトだ！",""
"e011_after_win","2","主人公","","left","テッペイの豪腕スピン、\nスタジアムに地鳴りが響くくらい重かったぜ！",""
"e011_after_win","3","テッペイ","テッペイ","right","アンタの回転、芯が太ぇな！\nこのネオンプラザ、テッペンまで駆け上がってくれよ！",""
"e011_after_lose","1","テッペイ","テッペイ","right","しゃあっ！\nオレの豪腕スピンに耐えられるヤツはいねえぜ！",""
"e011_after_lose","2","主人公","","left","くっ……！\nあのパワー、真正面から受け止めるには重すぎた……！",""
"e011_after_lose","3","ナビィ","ナビィ","right","マスター！\nテッペイさんの豪腕スピンに力負けしてしまいました！",""
"e011_after_lose","4","ナビィ","ナビィ","right","正面衝突を避け、受け流し性能の高いパーツで\n相手の回転力を奪いましょう！",""
"e012_before","1","カレン","カレン","right","ここまで勝ち上がってきたんだもの、\nお互い全力でぶつかり合いましょう！\n私のコンビネーション、受け止めてみて！",""
"e012_before","2","主人公","","left","カレンさん！\n予選を突破してきた実力、ぜひ肌で体感させてほしい！",""
"e012_before","3","カレン","カレン","right","ふふっ、いい返事ね！\n手加減なしのフルスイングでいくわよ！",""
"e012_before","4","主人公","","left","カレンさんの安定した守り、\nオレたちの全力ドライブで打ち破る！3、2、1……\nドライブ、ゴー！",""
"e012_after_win","1","カレン","カレン","right","あぁ……綺麗に弾かれちゃった！完敗ね。\nあなたのまっすぐなドライブ、本当に見事だったわ！",""
"e012_after_win","2","主人公","","left","カレンさんの安定した立ち回り、\n崩すのが本当に大変だったぜ！ありがとう！",""
"e012_after_win","3","カレン","カレン","right","ふふっ、悔しいけど清々しいわ。\nレンくんとのバトル、楽しみに応援してるわね！",""
"e012_after_lose","1","カレン","カレン","right","ふふっ、私の勝ちね。\nでも最後まで諦めないその気迫、すごく素敵だったわ。",""
"e012_after_lose","2","主人公","","left","くっ……！攻守の隙がなくて、\nこちらの体勢を崩されてしまった……！",""
"e012_after_lose","3","ナビィ","ナビィ","right","マスター！カレンさんの重厚なコンビネーションは\n一切の隙がありません！",""
"e012_after_lose","4","ナビィ","ナビィ","right","遠心力を生かしたスタミナ構成で、\n相手のスタミナ切れを狙いましょう！",""
"e013_before","1","サイカ","サイカ","right","舞い散る花びらのように、美しくお相手いたしますわ。\n貴方の回転の覚悟、見せていただけますか？",""
"e013_before","2","主人公","","left","お嬢様だからって侮れない気迫を感じるぜ。\nオレたちの全霊をかけて挑ませてもらう！",""
"e013_before","3","サイカ","サイカ","right","礼を尽くした真剣勝負、心より嬉しく思います。\n参りましょう。",""
"e013_before","4","主人公","","left","優雅な舞と鉄鎖の罠、真っ向勝負で見極めてみせる！\n3、2、1……ドライブ、ゴー！",""
"e013_after_win","1","サイカ","サイカ","right","まあ……！わたくしの守りを鮮やかに見切るとは。\nお見事でしたわ、完敗です。",""
"e013_after_win","2","主人公","","left","サイカさんの鎖のトラップ、息を呑む緊張感だったぜ！\n手合わせ感謝する！",""
"e013_after_win","3","サイカ","サイカ","right","貴方の清らかな回転の軌道、\nとても美しゅうございました。ご武運を。",""
"e013_after_lose","1","サイカ","サイカ","right","優雅さと芯の強さ、それがわたくしの信条です。\n素晴らしい手合わせでしたわ。",""
"e013_after_lose","2","主人公","","left","くっ……！あの美しい身のこなしから、\n鋭いカウンターを喰らってしまった……！",""
"e013_after_lose","3","ナビィ","ナビィ","right","マスター！\nサイカさんのスピンは鉄壁のカウンターを秘めています！",""
"e013_after_lose","4","ナビィ","ナビィ","right","安易に突っ込まず、牽制しながら奥義ゲージを\n溜めて一気に仕留めましょう！",""
"e014_before","1","トウヤ","トウヤ","right","熱くなってきたぜ……！言葉はいらねえ、\n回転と火花でオレたちの全てを語り合おう！",""
"e014_before","2","主人公","","left","トウヤ！\nお前のその熱い魂、受けて立たないわけにはいかないぜ！",""
"e014_before","3","トウヤ","トウヤ","right","スタジアムごと燃え盛るような一撃、\n喰らわせてやるぜ！！",""
"e014_before","4","主人公","","left","滾ってきたぜトウヤ！火花散る熱いファイトをやろうぜ！\n3、2、1……ドライブ、ゴー！",""
"e014_after_win","1","トウヤ","トウヤ","right","クッ……完敗だ！\nだがオレの闘志はまだ燃え尽きちゃいねえ！\n絶対に追いつくからな！",""
"e014_after_win","2","主人公","","left","トウヤ、お前とのぶつかり合い、最高に熱かったぜ！\nまたやろう！",""
"e014_after_win","3","トウヤ","トウヤ","right","おう！レンを倒して、このエリアの頂点に立ってこいよ！",""
"e014_after_lose","1","トウヤ","トウヤ","right","オレの熱意が上回ったようだな！\nだがお前との勝負、最高に滾ったぜ！",""
"e014_after_lose","2","主人公","","left","くっ……！\nあの怒涛のラッシュ、熱気に押し切られてしまった……！",""
"e014_after_lose","3","ナビィ","ナビィ","right","マスター！\nトウヤさんの熱血ラッシュに押し切られました！",""
"e014_after_lose","4","ナビィ","ナビィ","right","水属性や冷気系のパーツで相手の勢いを鎮め、\n堅実に制圧しましょう！",""
"e015_before","1","レン","レン","right","……来たか。オレの前に立つ覚悟があるなら見せてみろ。",""
"e015_before","2","主人公","","left","レン……！エリア選手権の絶対王者！\nお前を倒して、全国大会へ行く！",""
"e015_before","3","レン","レン","right","全国、か。\n威勢はいいが、お前の回転にはまだ迷いがある。",""
"e015_before","4","ナビィ","ナビィ","right","マスター、レンさんのテンペスト・グリフォンは\n風を統べる孤高の覇者……凄まじい威圧感です！","shake"
"e015_before","5","レン","レン","right","オレのグリフォンは、\n一切の無駄を削ぎ落とした完全無欠の回転。\n触れることすら叶わん。",""
"e015_before","6","主人公","","left","オレたちの回転は迷いじゃない、\n限界を超えるための熱い想いだ！\nそれを今ここで証明する！",""
"e015_before","7","レン","レン","right","証明してみせろ。\nその熱気がオレの風を裂けるかどうか……行くぞ！","flash"
"e015_before","8","主人公","","left","コズミック・ドラゴン！王者の風をブチ破れ！\n3、2、1……ドライブ、ゴー！！","flash"
"e015_after_win","1","レン","レン","right","……見事だ。オレの疾風を力尽くで捩じ伏せるとはな。",""
"e015_after_win","2","主人公","","left","はぁ、はぁ……勝った……！レンの重圧、\n本当にスタジアムごと押し潰されそうだったぜ……！",""
"e015_after_win","3","レン","レン","right","……フッ、認めるよ。お前の熱意は本物だった。\nだが、これで終わったと思うな。",""
"e015_after_win","4","レン","レン","right","オレの誇りは砕けない。全国大会『ナショナルドーム』には、\n更なる怪物が待っている。",""
"e015_after_win","5","レン","レン","right","全日本王者アーサー……\n奴の聖剣を打ち破るまで、決して負けることは許さんぞ。",""
"e015_after_win","6","主人公","","left","レン……！ああ、約束する！\n日本のテッペンまで駆け上がってみせるぜ！",""
"e015_after_win","7","レン","レン","right","……行け。エリアの覇者として、堂々と胸を張れ。",""
"e015_after_lose","1","レン","レン","right","これが頂点の景色だ。\nお前の回転に曇りがある限り、オレには届かない。",""
"e015_after_lose","2","主人公","","left","くっ……！あの圧倒的な風圧、手も足も出なかった……！",""
"e015_after_lose","3","ナビィ","ナビィ","right","マスター！\nエリア王者レンさんの疾風怒濤の連撃は圧倒的です！",""
"e015_after_lose","4","ナビィ","ナビィ","right","限界突破パーツを装備し、\n攻防バランスを極限まで高めて再挑戦しましょう！",""
"e016_before","1","メイ","メイ","right","私、データ分析も練習もたくさん重ねてきました！\n全国大会の舞台、\n全力で挑みますのでよろしくお願いします！",""
"e016_before","2","主人公","","left","メイさんの真摯な目、すごくいい気迫だ！\n全国の猛者同士、真っ向勝負しよう！",""
"e016_before","3","メイ","メイ","right","はいっ！私のクラーケンの大渦潮、受けてみてください！",""
"e016_before","4","主人公","","left","メイさんの努力と真摯な想い、\nオレたちの全力で受け止める！3、2、1……\nドライブ、ゴー！",""
"e016_after_win","1","メイ","メイ","right","私の緻密な守りを、力強く突破されるとは……！\n完敗です。でも、すごく熱くて真っ直ぐなバトルでした。\n決勝戦、応援しています！",""
"e016_after_win","2","主人公","","left","メイさんの緻密な水流コントロール、\n何度も吸い込まれそうになったぜ！",""
"e016_after_win","3","メイ","メイ","right","ありがとうございます！\n私の分もドームの決勝まで勝ち進んでくださいね！",""
"e016_after_lose","1","メイ","メイ","right","や、やりました……！\n練習の成果が発揮できて本当によかったです。\nありがとうございました！",""
"e016_after_lose","2","主人公","","left","くっ……！\nあの大渦にスタミナを根こそぎ持っていかれた……！",""
"e016_after_lose","3","ナビィ","ナビィ","right","マスター！\nメイさんの大渦潮に回転を飲み込まれてしまいました！",""
"e016_after_lose","4","ナビィ","ナビィ","right","重心を中心深くに据えたウェイトで、\n水流に流されない安定性を確保しましょう！",""
"e017_before","1","カズマ","カズマ","right","大地を踏みしめ、ただ真っ直ぐにぶつかるのみ。\n小細工抜きの真剣勝負、いざ参る！",""
"e017_before","2","主人公","","left","カズマさんのどっしり構えた風格、\n本物の武士みたいだな。真正面から突破してみせる！",""
"e017_before","3","カズマ","カズマ","right","良き気概だ。我が渾身の一撃、受けてみよ！",""
"e017_before","4","主人公","","left","武士の如き揺るがぬ重心、正面から突破してみせる！\n3、2、1……ドライブ、ゴー！",""
"e017_after_win","1","カズマ","カズマ","right","……ぐっ、見事な一撃だ。\n力任せではない、貴殿の魂の重さに押し切られたな。",""
"e017_after_win","2","主人公","","left","カズマさんの一撃、大地が割れるような手応えだったぜ！\n礼を言う！",""
"e017_after_win","3","カズマ","カズマ","right","良い勝負だった。お前の芯の強さ、しかと見届けたぞ。\nアーサーとの戦い、期待している。",""
"e017_after_lose","1","カズマ","カズマ","right","揺るがぬ重心こそが勝利の要。\n手応えのある一戦だった、感謝する。",""
"e017_after_lose","2","主人公","","left","くっ……！大地を削るような重さに弾き飛ばされた……！",""
"e017_after_lose","3","ナビィ","ナビィ","right","マスター！カズマさんの重撃は大地そのものの重さです！",""
"e017_after_lose","4","ナビィ","ナビィ","right","機動力を最大まで高めたスピードアセンブルで、\n背後から急襲しましょう！",""
"e018_before","1","シン","シン","right","オレのスピードについてこれるかな？\n瞬きしてたら一瞬でリングアウトさせちゃうよ！",""
"e018_before","2","主人公","","left","音速のシンか！\n全国屈指のスピードスター、その加速を見切ってみせる！",""
"e018_before","3","シン","シン","right","へぇ、自信満々だね！\nスタジアムを切り裂く漆黒の鎌、捉えられるかな！？",""
"e018_before","4","主人公","","left","音速のスピードスター、\nオレたちの加速で追いついてみせる！3、2、1……\nドライブ、ゴー！",""
"e018_after_win","1","シン","シン","right","マジか……！オレの超加速の先回りをされるなんて！\nアンタ、最高のスピードスターだよ！",""
"e018_after_win","2","主人公","","left","シンの残像、捉えるのに全神経を集中させたぜ！\n痺れる勝負だった！",""
"e018_after_win","3","シン","シン","right","あっはは、完敗！\nファンのみんなも大盛り上がりだったよ！\n次は負けないからね！",""
"e018_after_lose","1","シン","シン","right","ヘイヘイ、音速の壁は高かっただろ？\nまたいつでも挑戦しにおいでよ！",""
"e018_after_lose","2","主人公","","left","くっ……！\n速すぎて攻撃を当てるどころじゃなかった……！",""
"e018_after_lose","3","ナビィ","ナビィ","right","マスター！シンさんの高速刃に一瞬で切り裂かれました！",""
"e018_after_lose","4","ナビィ","ナビィ","right","相手の初撃を耐えるシールドウェイトを装備し、\n反撃の一撃を狙いましょう！",""
"e019_before","1","ナノ","ナノ","right","はいどーも！ナノちゃんだぞ！\nキミとの激アツバトル、全世界に生配信しちゃうね！\nコメント欄も大盛り上がりだぞー！",""
"e019_before","2","主人公","","left","ナノちゃんの配信バトルか！全世界のリスナーに、\nオレたちの最高のバトルを見せつけてやる！",""
"e019_before","3","ナノ","ナノ","right","いいねいいねー！チャンネル登録者100万人突\n破記念の神回にしちゃうぞー！いっくよー！",""
"e019_before","4","主人公","","left","配信を見てる全世界のリスナーに、\nオレたちの熱いスピンを届けるぞ！3、2、1……\nドライブ、ゴー！",""
"e019_after_win","1","ナノ","ナノ","right","わわわーっ！まさかの大逆転負け！？\nキミ、強すぎてコメント欄が\n草の嵐で神回になっちゃったぞー！",""
"e019_after_win","2","主人公","","left","ナノちゃんの氷牙アタック、\nコメント欄に負けないくらい熱かったぜ！",""
"e019_after_win","3","ナノ","ナノ","right","うぅ〜悔しいけどナイスファイト！\nアーカイブに残して家宝にするぞー！",""
"e019_after_lose","1","ナノ","ナノ","right","チャンネル登録よろしくねっ☆ナノちゃんの完全勝利だぞ、\nばいばーい！",""
"e019_after_lose","2","主人公","","left","くっ……！\n完全にナノちゃんのペースに呑まれてしまった……！",""
"e019_after_lose","3","ナビィ","ナビィ","right","マスター！\nナノちゃんの氷牙トラップにかかってしまいました！",""
"e019_after_lose","4","ナビィ","ナビィ","right","高火力な炎属性ブレードで氷壁を融かし、\n一気に押し込みましょう！",""
"e020_before","1","アーサー","アーサー","right","ようこそ、ナショナルドームの決勝へ。\n君が勝ち上がってくるのを、ずっと待っていたよ。",""
"e020_before","2","主人公","","left","アーサー……！全日本チャンピオンの君と、\nこの夢の舞台で決着をつけられるなんて最高だ！",""
"e020_before","3","アーサー","アーサー","right","騎士の礼節をもって君を迎えよう。\n我がレオ・ゴールドファングの黄金の煌めき、\n見極められるかい？",""
"e020_before","4","ナビィ","ナビィ","right","マスター、アーサーさんの放つ王者のプレッシャー……\nこれまでのどんな敵とも次元が違います！","shake"
"e020_before","5","アーサー","アーサー","right","互いに全力を尽くし、悔いのない一騎打ちをしよう。\n君の青きドラゴンの魂、余すことなく見せてほしい！",""
"e020_before","6","主人公","","left","ああ！オレたちのすべてを込めて、日本の頂点へ挑む！\n行くぞ、アーサー！！","flash"
"e020_before","7","アーサー","アーサー","right","いざ尋常に……聖剣の輝き、受け止めよ！","flash"
"e020_before","8","主人公","","left","コズミック・ドラゴン！\n聖剣の輝きを越えて、日本の頂点へ！3、2、1……\nドライブ、ゴー！！","flash"
"e020_after_win","1","アーサー","アーサー","right","……チェックメイトか。見事なスピンだったよ、友よ。\n君の勝利だ。",""
"e020_after_win","2","主人公","","left","はぁ……はぁ……勝った……！\nアーサー、お前とのバトル、\n生涯忘れられない時間だったぜ……！",""
"e020_after_win","3","アーサー","アーサー","right","ふふっ、僕もだよ。\n君の魂の叫びが、黄金の盾を貫いたんだ。\n素晴らしい王者だ。",""
"e020_after_win","4","アーサー","アーサー","right","全日本王者の誇りを胸に抱き、\n胸を張って世界へと羽ばたいてくれ。\n僕もすぐに追いつくよ。",""
"e020_after_win","5","主人公","","left","アーサー……！ありがとう！世界の舞台でも、\nお前とまた戦える日を楽しみにしてるぜ！",""
"e020_after_win","6","アーサー","アーサー","right","ああ、約束だ。友よ、君に心からの賛辞を！",""
"e020_after_lose","1","アーサー","アーサー","right","誇り高き戦いだった。君の鋭い太刀筋、心から称えよう。",""
"e020_after_lose","2","主人公","","left","くっ……！聖剣の連撃、一歩も及ばなかった……！",""
"e020_after_lose","3","ナビィ","ナビィ","right","マスター！\n全日本王者アーサーさんの聖剣ラッシュは完璧無比です！",""
"e020_after_lose","4","ナビィ","ナビィ","right","全パーツを最高ランクまで強化し、\n限界を超えたコズミック・ドラゴンの真の力で\nぶつかりましょう！",""
"e021_before","1","ラシード","ラシード","right","砂漠のピラミッドが如き静寂と重厚さ……\n貴方の激突で揺るがすことができるでしょうか。",""
"e021_before","2","主人公","","left","エジプト代表ラシード！世界の舞台の第1戦、\nその神秘のベールをブチ破ってみせる！",""
"e021_before","3","ラシード","ラシード","right","千年の砂嵐に呑まれぬよう、覚悟しておいでなさい。",""
"e021_before","4","主人公","","left","千年の砂嵐だろうと、\nオレたちの突破力で切り裂いてみせる！3、2、1……\nドライブ、ゴー！",""
"e021_after_win","1","ラシード","ラシード","right","……驚嘆いたしました。我が砂塵の結界を貫くとは。\n貴方の魂の光、真に称賛いたします。",""
"e021_after_win","2","主人公","","left","ラシードの砂の結界、まるで底なし沼みたいだったぜ。\n手応えのある勝負だった！",""
"e021_after_win","3","ラシード","ラシード","right","世界の海は広大です。\n更なる高みへ進まれることをお祈りいたします。",""
"e021_after_lose","1","ラシード","ラシード","right","悠久の時の前には、激しき回転も平伏すのみ。\n良き礼節の勝負でした。",""
"e021_after_lose","2","主人公","","left","くっ……！\n砂塵の防壁に攻撃の威力を完全に吸い取られた……！",""
"e021_after_lose","3","ナビィ","ナビィ","right","マスター！\nラシードさんの砂塵結界に攻撃を吸い取られました！",""
"e021_after_lose","4","ナビィ","ナビィ","right","貫通力の高いシャープなブレードで、\n結界の核を射抜きましょう！",""
"e022_before","1","シャルロット","シャルロット","right","我が誇り高き白鳥の舞、その目に焼き付けなさい。\n手加減など無用ですわ！",""
"e022_before","2","主人公","","left","フランス代表のシャルロット！\nその気品ある構え、受けて立つぜ！",""
"e022_before","3","シャルロット","シャルロット","right","優雅さと鋭さ、我がフルーレの切っ先を見切れるかしら？",""
"e022_before","4","主人公","","left","華麗な白鳥の剣舞、真っ向から受けて立つぜ！\n3、2、1……ドライブ、ゴー！",""
"e022_after_win","1","シャルロット","シャルロット","right","……なんて澄んだ一撃。悔しいけれど、私の完敗ですわ。\n素晴らしい一騎打ちでした。",""
"e022_after_win","2","主人公","","left","シャルロットの剣舞、\n一瞬の隙も許されない鋭さだったぜ！ありがとう！",""
"e022_after_win","3","シャルロット","シャルロット","right","ふふっ、礼を言います。\n日本の代表として、世界の頂点まで駆け上がりなさい！",""
"e022_after_lose","1","シャルロット","シャルロット","right","美しさと強さは表裏一体。\nこれが我が家に受け継がれし誇りの旋律です。",""
"e022_after_lose","2","主人公","","left","くっ……！あの華麗な突き、急所を的確に穿たれた……！",""
"e022_after_lose","3","ナビィ","ナビィ","right","マスター！\nシャルロットさんのフルーレに急所を突かれました！",""
"e022_after_lose","4","ナビィ","ナビィ","right","直線的な刺突をかわす旋回ソールを装備し、\n横からの強襲を狙いましょう！",""
"e023_before","1","カルロス","カルロス","right","オラァッ！サンバのリズムで魂燃やしていこうぜ！\nオレのパッション、受け止められるかい！？",""
"e023_before","2","主人公","","left","カルロス！\n陽気で熱いビート、こっちまで踊り出したくなるぜ！\n真っ向勝負だ！",""
"e023_before","3","カルロス","カルロス","right","アミーゴ！スタジアムを揺らす太陽のダイブ、喰らいな！",""
"e023_before","4","主人公","","left","情熱のサンバのリズム、\nこっちも全開のパッションで応えるぜ！3、2、1……\nドライブ、ゴー！",""
"e023_after_win","1","カルロス","カルロス","right","アチャ〜！オレの情熱を上回るスーパードライブかよ！\n最高にアツいバトルだったぜ！",""
"e023_after_win","2","主人公","","left","カルロスの急降下、スタジアムが吹き飛ぶかと思ったぜ！\nグラシアス！",""
"e023_after_win","3","カルロス","カルロス","right","ハハッ！いいビート刻んでたぜ！\n優勝目指して突っ走れよ、アミーゴ！",""
"e023_after_lose","1","カルロス","カルロス","right","ビバ！最高にゴキゲンな勝利だぜ！\nアンタのビートも熱かったぜ、アミーゴ！",""
"e023_after_lose","2","主人公","","left","くっ……！あの上空からの猛撃、\nスタジアムごと叩き落とされた……！",""
"e023_after_lose","3","ナビィ","ナビィ","right","マスター！\nカルロスさんの上空からのダイブ攻撃は強烈です！",""
"e023_after_lose","4","ナビィ","ナビィ","right","どっしりとスタジアム中央を\n陣取る重量級アセンブルで迎え撃ちましょう！",""
"e024_before","1","リー","リー","right","我が拳、烈火の如く。\n螺旋の極意をもって、貴殿の器を推し量らせてもらおう。",""
"e024_before","2","主人公","","left","中国代表のリー！\n拳法の極意が込められたスピン、全力で受け止めるぜ！",""
"e024_before","3","リー","リー","right","礼を尽くし、全身全霊で挑む。いざ尋常に！",""
"e024_before","4","主人公","","left","武術の真髄が宿る拳の一撃、全身全霊で受け止める！\n3、2、1……ドライブ、ゴー！",""
"e024_after_win","1","リー","リー","right","……見事！技の極限を超えた魂の一撃、\n我が全身で確かに受け止めたぞ！",""
"e024_after_win","2","主人公","","left","リーの研ぎ澄まされた拳の一撃、鳥肌が立ったぜ！\n良き手合わせだった！",""
"e024_after_win","3","リー","リー","right","貴殿との勝負で我が拳もまた磨かれた。\n決勝トーナメント、武運を祈る！",""
"e024_after_lose","1","リー","リー","right","日々の鍛錬こそが全て。\n貴殿の一撃にも確かな芯があった、良き拳を交えた。",""
"e024_after_lose","2","主人公","","left","くっ……！技の連撃に隙がなさすぎて崩された……！",""
"e024_after_lose","3","ナビィ","ナビィ","right","マスター！\nリーさんの武術の如き鋭い連撃に崩されました！",""
"e024_after_lose","4","ナビィ","ナビィ","right","ガードタイミングを見極め、相手の踏み込みに\n合わせてカウンターを合わせましょう！",""
"e025_before","1","ユリアン","ユリアン","right","世界大会予選グループの最終戦……\n君のデータは全て私の脳内にインプットされている。",""
"e025_before","2","主人公","","left","ドイツ代表キャプテン、ユリアン！\nお前の精密機械の如き計算、ブチ破ってみせる！",""
"e025_before","3","ユリアン","ユリアン","right","感情に任せた回転など無意味だ。\n私のグラビティ・フェニックスが創り出す重力場からは、\n光すら脱出できない。",""
"e025_before","4","ナビィ","ナビィ","right","マスター、ユリアンさんの重力制御は\nスタジアムの物理法則すら歪めてきます！最大の警戒を！","shake"
"e025_before","5","ユリアン","ユリアン","right","誤差ゼロの完璧な終局を見せてやろう。\nチェックメイトだ。",""
"e025_before","6","主人公","","left","計算の外にある人間の情熱をナメるな！\nオレたちの魂の回転は、重力すら切り裂く！","flash"
"e025_before","7","ユリアン","ユリアン","right","ならば証明してみせろ。秩序の前に平伏せよ！","flash"
"e025_before","8","主人公","","left","コズミック・ドラゴン！重力の檻をブチ破れ！\n3、2、1……ドライブ、ゴー！！","flash"
"e025_after_win","1","ユリアン","ユリアン","right","……信じられん。私の完璧な計算式を、\n純粋な情熱と執念で突破するとは……！見事だ。",""
"e025_after_win","2","主人公","","left","はぁ、はぁ……！ユリアンの重力、\n本当にギアが引き裂かれるかと思ったぜ……！",""
"e025_after_win","3","ユリアン","ユリアン","right","……フッ、私の完敗だ。計算では導き出せない熱量……\n久しぶりに胸が熱くなったよ。",""
"e025_after_win","4","ユリアン","ユリアン","right","君なら決勝トーナメントで、\nあのチームUSAとも互角以上に戦えるだろう。",""
"e025_after_win","5","主人公","","left","ユリアン……！ありがとう！\nお前たちの想いも連れて、決勝へ殴り込みをかけるぜ！",""
"e025_after_win","6","ユリアン","ユリアン","right","健闘を祈るよ、日本の若き獅子よ。",""
"e025_after_lose","1","ユリアン","ユリアン","right","必然の帰結だ。\n回転軸のブレ、重心の僅かな狂いが敗北を招く。",""
"e025_after_lose","2","主人公","","left","くっ……！スタジアムの重力に\n引きずり込まれて身動きが取れなかった……！",""
"e025_after_lose","3","ナビィ","ナビィ","right","マスター！ユリアンさんの重力制御に圧倒されました！",""
"e025_after_lose","4","ナビィ","ナビィ","right","最高峰のスタミナと防御を兼ね備えたアセンブルで、\n漆黒の重力を耐え凌ぎましょう！",""
"e026_before","1","タイラー","タイラー","right","ヘイ、日本のチャンピオン。落ち着いて楽しもうぜ。\nオレの分析と最新ギアの連動、簡単に崩せるかな？",""
"e026_before","2","主人公","","left","チームUSAの先鋒タイラー！\nスマートな立ち回りの裏に、強烈なタフネスを感じるぜ！",""
"e026_before","3","タイラー","タイラー","right","ハッ、よく分かってるじゃないか。\nスマートに勝つのがオレのスタイルさ。来な！",""
"e026_before","4","主人公","","left","チームUSAの先鋒、\nそのスマートな分析を力で超えてみせる！3、2、1……\nドライブ、ゴー！",""
"e026_after_win","1","タイラー","タイラー","right","ハッ……オレの計算の上を行かれたか。\nスマートにいかないところが、\nこのバトルの最高の面白さだな。",""
"e026_after_win","2","主人公","","left","タイラーの無駄のない動き、\n最後まで全く隙が見当たらなかったぜ！グッドゲームだ！",""
"e026_after_win","3","タイラー","タイラー","right","礼を言うぜ。\nだが次のジョナサンやディランはオレみたいに\n大人しくないからな、気をつけて行きな！",""
"e026_after_lose","1","タイラー","タイラー","right","スマートに勝つのがオレの流儀さ。\nいいプレッシャーだったよ、礼を言うぜ。",""
"e026_after_lose","2","主人公","","left","くっ……！スマートに立ち回られ、\nカウンターの一撃を正確に沈められた……！",""
"e026_after_lose","3","ナビィ","ナビィ","right","マスター！タイラーさんの計算され尽くしたスマートな\n立ち回りに隙を突かれました！",""
"e026_after_lose","4","ナビィ","ナビィ","right","予測不可能な高速機動パーツで、\n相手の計算を狂わせましょう！",""
"e027_before","1","ジョナサン","ジョナサン","right","ヒューッ！派手にド派手に行こうぜベイベー！\nオレのスーパープレイでスタジアムを湧かせてやるぜ！",""
"e027_before","2","主人公","","left","ジョナサン！ノリノリだな！\nオレたちだって歓声を全部かっさらう気でいくぜ！",""
"e027_before","3","ジョナサン","ジョナサン","right","オウイエス！\nビッグウェーブに乗っかって、ドカンと行こうぜー！",""
"e027_before","4","主人公","","left","スタジアムを巻き込むビッグウェーブ、\nオレたちが乗りこなしてやるぜ！3、2、1……\nドライブ、ゴー！",""
"e027_after_win","1","ジョナサン","ジョナサン","right","ノーウェイ！マジかよ〜！\nオレの華麗なパフォーマンスが破られた！？\nアンタ凄すぎだろ！",""
"e027_after_win","2","主人公","","left","あはは！ジョナサンの派手なビッグウェーブ、\nスタジアム中が湧いて最高だったぜ！",""
"e027_after_win","3","ジョナサン","ジョナサン","right","イエーーイ！\n負けたけど最高にエキサイティングだったぜ！\nディランの狂犬にも気をつけてな！",""
"e027_after_lose","1","ジョナサン","ジョナサン","right","イエーーイ！見たかい今のビッグウェーブ！\nオレ様がノッてる時は誰にも止められないのさ！",""
"e027_after_lose","2","主人公","","left","くっ……！\nあの勢いと派手な波に押し流されてしまった……！",""
"e027_after_lose","3","ナビィ","ナビィ","right","マスター！ジョナサンさんの派手な\nビッグウェーブに飲み込まれました！",""
"e027_after_lose","4","ナビィ","ナビィ","right","相手の勢いに惑わされず、\n中心でどっしり構えて確実に弾き返しましょう！",""
"e028_before","1","ディラン","ディラン","right","ケケッ！\nもっとだ、もっとオレをゾクゾクさせてくれよォ！\n骨まで噛み砕いてやるぜ！",""
"e028_before","2","主人公","","left","凶暴なオーラ全開だな……！だが、どんな狂気だろうと\nオレたちの絆は噛み砕かせねえ！",""
"e028_before","3","ディラン","ディラン","right","ハハハッ！その威勢、バラバラに引き裂かれた後でも\n保てるかなァ！？死ぬ気で来いよォ！","flash"
"e028_before","4","主人公","","left","どんな狂気だろうと、オレと相棒の絆は噛み砕かせねえ！\n3、2、1……ドライブ、ゴー！",""
"e028_after_win","1","ディラン","ディラン","right","ギギッ……！テメエのその目、最高じゃねぇか……！\nクハハッ、オレをねじ伏せやがったなァ！",""
"e028_after_win","2","主人公","","left","ふぅ……！\nディラン、猛獣みたいに襲いかかってきて本当に\n命がけの勝負だったぜ！",""
"e028_after_win","3","ディラン","ディラン","right","ケケッ、たまんねぇな！クロエとアーサーの首、\nテメエが取れるか見届けてやるよォ！",""
"e028_after_lose","1","ディラン","ディラン","right","ハハッ！なんだァもう終わりかよ！？\n食い足りねぇなぁ、もっと牙を剥いてこいよ！",""
"e028_after_lose","2","主人公","","left","くっ……！\nあの獰猛な猛攻、力づくで粉砕されてしまった……！",""
"e028_after_lose","3","ナビィ","ナビィ","right","マスター！ディランの凶暴な乱撃に押し潰されました！",""
"e028_after_lose","4","ナビィ","ナビィ","right","守備を最大まで固めて相手の自滅を待つか、\n更なる高火力で粉砕しましょう！",""
"e029_before","1","クロエ","クロエ","right","よくディランを倒してここまで来たね。\nでも、アメリカ代表の副キャプテンとして\n私も負けられないよ。",""
"e029_before","2","主人公","","left","クロエ！アーサーの前の最後の砦……\nあなたを超えて、アーサーの待つ頂点へ行く！",""
"e029_before","3","クロエ","クロエ","right","私のファントム・ヴァルキリー、そう簡単に崩せないよ！\nアーサーに届く実力があるか、\n全力で確かめさせてもらうね！",""
"e029_before","4","主人公","","left","アメリカ代表副キャプテン……\nその誇り、真っ向から超えてみせる！3、2、1……\nドライブ、ゴー！",""
"e029_after_win","1","クロエ","クロエ","right","……っ！競り負けちゃうなんて……！\nでも、すごく真っ直ぐで強いドライブだったよ。",""
"e029_after_win","2","主人公","","left","クロエ、あなたの神槍と聖盾の切り替え、\n本当に凄まじい完成度だったぜ！",""
"e029_after_win","3","クロエ","クロエ","right","……君の実力、本物だったよ。\nアーサーがずっと君を待ってる。\n最高の決勝戦にしてきてね！",""
"e029_after_lose","1","クロエ","クロエ","right","ふぅ、私の勝ちだね。鋭い攻めだったけれど、\nアメリカ代表の意地としてここは譲れなかったの。\nまた戦おうね！",""
"e029_after_lose","2","主人公","","left","くっ……！\nあの完璧な攻守の切り替え、全く隙がなかった……！",""
"e029_after_lose","3","ナビィ","ナビィ","right","マスター！\nクロエさんの神槍と聖盾の前に翻弄されました！",""
"e029_after_lose","4","ナビィ","ナビィ","right","こちらも総合力の高いバランスアセンブルで\n真っ向勝負を挑みましょう！",""
"e030_before","1","アーサー","アーサー（ステージ6）","right","……来たね、友よ。\nこの世界最高の舞台で君と相まみえることを、\n心から待っていたよ。",""
"e030_before","2","主人公","","left","アーサー！全日本ドームでの激闘から、\nオレたちは世界の海を越えてここまで辿り着いた！",""
"e030_before","3","アーサー","アーサー（ステージ6）","right","ああ。\n僕たちの魂は、再びこの頂点で交わる運命だったんだ。",""
"e030_before","4","ナビィ","ナビィ","right","マスター！世界王者のアーサーさんが放つ覇気……\nスタジアム全体が黄金の輝きに包まれています！","shake"
"e030_before","5","アーサー","アーサー（ステージ6）","right","我が相棒、レオ・ゴールドファングの真の咆哮……\n君のコズミック・ドラゴンと、\n世界一の栄冠を賭けてぶつかり合おう！","flash"
"e030_before","6","主人公","","left","アーサー！お前と出会えて、オレは強くなれた！\nすべての技、すべての魂をぶつけて、お前を超える！",""
"e030_before","7","アーサー","アーサー（ステージ6）","right","さあ、すべてを懸けてぶつかり合おう！全開で行くぞ！","flash"
"e030_before","8","主人公","","left","コズミック・ドラゴン！限界を超えて輝けェッ！！\n世界の頂点へ、3、2、1……ドライブ、ゴー！！！","flash"
"e030_after_win","1","アーサー","アーサー（ステージ6）","right","……素晴らしい！王者の名は君にこそ相応しい。\n心からの賛辞を贈るよ。","flash"
"e030_after_win","2","主人公","","left","勝った……！勝ったんだ、アーサー！！\n世界の頂点に立ったんだ……！！",""
"e030_after_win","3","アーサー","アーサー（ステージ6）","right","最高のバトルをありがとう。\n君と共に頂点で戦えたこと、生涯の誇りだ。",""
"e030_after_win","4","主人公","","left","アーサー……\nお前がいたから、オレはここまで走ってこれたんだ！\nありがとう！！",""
"e030_after_win","5","アーサー","アーサー（ステージ6）","right","ふふっ、僕たちの物語はここで終わらないよ。\nこれからも互いを高め合う、最高のライバルでいよう！",""
"e030_after_win","6","主人公","","left","ああ！ずっと最高のライバルだ！！",""
"e030_after_lose","1","アーサー","アーサー（ステージ6）","right","最高のバトルをありがとう。\n君と共に頂点で戦えたこと、生涯の誇りだ。",""
"e030_after_lose","2","主人公","","left","くっ……！\n世界王者の神速、どうしても一歩届かなかった……！",""
"e030_after_lose","3","ナビィ","ナビィ","right","マスター……\n世界王者のアーサーさんは、まさに神の領域の強さです！",""
"e030_after_lose","4","ナビィ","ナビィ","right","ショップの最高峰パーツを揃え、\nマスターの魂の全てを込めて挑みましょう！",""
"e035_before","1","店長","店長（ボス）","right","よくぞここまで辿り着いたね、若き世界王者よ。",""
"e035_before","2","主人公","","left","店長……本当にあなたが、\nかつて世界を制した伝説のスピンキング『神代 創』\nなのか！？",""
"e035_before","3","店長","店長（ボス）","right","ふふふ、昔の名前さ。私は君という原石が輝く日を、\nずっと特等席で見守ってきた。",""
"e035_before","4","ナビィ","ナビィ","right","マスター、店長さんのギア『カイザー・ジェネシス』から、\n宇宙の始まりのような計り知れな\nいエネルギーが計測されています！","shake"
"e035_before","5","店長","店長（ボス）","right","だが、真の伝説となるには、\n過去のすべての時代を超越しなければならない。",""
"e035_before","6","店長","店長（ボス）","right","私の全盛期をも超える回転……『カイザー・ジェネシス』の\n絶対領域、君たちに打ち破れるかな？","flash"
"e035_before","7","主人公","","left","店長……あなたがオレたちを導いてくれたんだ。\nその恩返しは、\nオレたちの最高の回転であなたを超えることだ！",""
"e035_before","8","店長","店長（ボス）","right","その言葉を待っていたよ！さあ、新旧の頂点を懸けて……\n全力で来たまえ！","flash"
"e035_before","9","主人公","","left","行くぞ相棒！\nオレたちの全てを、新時代の伝説をここに刻み込む！！\n3、2、1……ドライブ、ゴー！！！！","flash"
"e035_after_win","1","店長","店長（ボス）","right","……あっぱれだ！\n私の全てを注いだ一撃を超えていくとは……！\n君こそが、新たな時代の真の王者だ！","flash"
"e035_after_win","2","主人公","","left","はぁ……はぁ……勝った……！店長、オレたち……\nあなたを超えられたんだな……！",""
"e035_after_win","3","店長","店長（ボス）","right","ああ、超えてみせたよ。\nカイザー・ジェネシスが砕けるほどの熱い回転……\n我が眼でしかと焼き付けた。",""
"e035_after_win","4","店長","店長（ボス）","right","君のような素晴らしいブレーダーに出会えて、\n私のブレーダー人生に悔いはないよ。本当にありがとう。",""
"e035_after_win","5","主人公","","left","店長……！オレの方こそ、\nあなたがいなければここまで来られなかった。\n本当にありがとうございました！",""
"e035_after_win","6","ナビィ","ナビィ","right","マスター！コズミック・ドラゴンが、\n新時代の覇王として眩い光を放っていますよ！","flash"
"e035_after_win","7","店長","店長（ボス）","right","さあ、行きたまえ新世代のキング！\n君の伝説は、今ここから永遠に続いていくのだから！",""
"e035_after_win","8","主人公","","left","おう！オレたちの回転は止まらねえ！\n相棒、これからもずっと一緒だ！！","flash"
"e035_after_lose","1","店長","店長（ボス）","right","ハハハ！これが歴戦を駆け抜けた王者の回転だ。\nだが君の成長、この肌でしかと実感したよ。",""
"e035_after_lose","2","主人公","","left","くっ……！伝説の壁、なんて果てしない高さなんだ……！",""
"e035_after_lose","3","ナビィ","ナビィ","right","マスター……これが伝説のスピンキング、\n神代創さんの真の力です……！",""
"e035_after_lose","4","ナビィ","ナビィ","right","創世の力に抗うには、全ステータスを極限まで\n引き上げた究極のアセンブルが必要です！",""